dataset,method,threshold,thresh_val,N_variants,rho,pval,band_acc,fi_task,fi_node,fi_edge,fi_text,task_below_50
history,raw_gnn,T=0,0.0,52,0.8839,0.0,0.962,0.658,0.12,0.221,0.0,False
history,raw_gnn,T=5th,0.0612,49,0.8877,0.0,0.98,0.73,0.084,0.186,0.0,False
history,raw_gnn,T=10th,0.0942,46,0.8635,0.0,0.935,0.676,0.088,0.235,0.0,False
history,raw_gnn,T=25th,1.5201,39,0.8949,0.0,0.949,0.673,0.074,0.253,0.001,False
history,clamped,T=0,0.0,35,0.8355,0.0,0.914,0.852,0.0,0.148,0.0,False
history,clamped,T=5th,-2.0608,50,0.799,0.0,0.88,0.822,0.0,0.178,0.0,False
history,clamped,T=10th,-1.3217,47,0.8298,0.0,0.957,0.881,0.0,0.119,0.0,False
history,clamped,T=25th,-0.068,40,0.8507,0.0,0.925,0.864,0.0,0.136,0.0,False
history,unclamped,T=0,0.0,32,0.6407,0.0001,0.75,0.525,0.003,0.46,0.013,False
history,unclamped,T=5th,-1.0001,56,0.3438,0.0095,0.661,0.935,0.0,0.061,0.004,False
history,unclamped,T=10th,-0.0241,53,0.4956,0.0002,0.66,0.418,0.006,0.565,0.011,True
history,unclamped,T=25th,-0.012,44,0.5625,0.0001,0.682,0.454,0.006,0.536,0.004,True
amazon,raw_gnn,T=0,0.0,85,0.8903,0.0,0.965,0.581,0.413,0.002,0.005,False
amazon,raw_gnn,T=5th,0.4615,80,0.8821,0.0,0.962,0.561,0.433,0.002,0.005,False
amazon,raw_gnn,T=10th,0.6388,76,0.8657,0.0,0.908,0.541,0.452,0.002,0.005,False
amazon,raw_gnn,T=25th,1.5507,64,0.8594,0.0,0.875,0.444,0.547,0.004,0.005,True
amazon,clamped,T=0,0.0,75,0.754,0.0,0.88,0.679,0.2,0.121,0.0,False
amazon,clamped,T=5th,0.1676,71,0.728,0.0,0.859,0.624,0.271,0.105,0.0,False
amazon,clamped,T=10th,0.2614,67,0.6631,0.0,0.806,0.541,0.387,0.071,0.0,False
amazon,clamped,T=25th,0.46,56,0.7321,0.0,0.839,0.613,0.307,0.08,0.0,False
amazon,unclamped,T=0,0.0,22,0.3896,0.073,0.773,0.0,0.511,0.009,0.48,True
amazon,unclamped,T=5th,-0.0644,81,0.6611,0.0,0.753,0.151,0.542,0.239,0.068,True
amazon,unclamped,T=10th,-0.0616,77,0.6713,0.0,0.714,0.079,0.485,0.326,0.11,True
amazon,unclamped,T=25th,-0.042,64,0.5022,0.0,0.672,0.101,0.29,0.485,0.124,True
arxiv,raw_gnn,T=0,0.0,48,0.9744,0.0,1.0,0.702,0.264,0.013,0.022,False
arxiv,raw_gnn,T=5th,2.7674,45,0.9789,0.0,1.0,0.695,0.266,0.013,0.027,False
arxiv,raw_gnn,T=10th,4.3712,43,0.9759,0.0,1.0,0.691,0.269,0.014,0.026,False
arxiv,raw_gnn,T=25th,14.9368,36,0.9925,0.0,1.0,0.563,0.38,0.029,0.028,False
arxiv,clamped,T=0,0.0,48,0.9735,0.0,1.0,0.209,0.393,0.397,0.001,True
arxiv,clamped,T=5th,0.8138,45,0.9769,0.0,1.0,0.218,0.365,0.415,0.001,True
arxiv,clamped,T=10th,0.9718,43,0.9739,0.0,1.0,0.225,0.344,0.429,0.001,True
arxiv,clamped,T=25th,1.7481,36,0.9395,0.0,1.0,0.296,0.092,0.611,0.001,True
arxiv,unclamped,T=0,0.0,28,0.9494,0.0,1.0,0.296,0.086,0.618,0.0,True
arxiv,unclamped,T=5th,-0.0182,45,0.8821,0.0,0.956,0.268,0.335,0.397,0.0,True
arxiv,unclamped,T=10th,-0.0129,43,0.953,0.0,1.0,0.307,0.365,0.328,0.0,True
arxiv,unclamped,T=25th,-0.0085,36,0.9626,0.0,1.0,0.349,0.368,0.282,0.0,True
electronics,raw_gnn,T=0,0.0,87,0.9152,0.0,0.989,0.555,0.443,0.002,0.0,False
electronics,raw_gnn,T=5th,0.6218,82,0.9275,0.0,1.0,0.537,0.461,0.002,0.0,False
electronics,raw_gnn,T=10th,1.0133,78,0.929,0.0,0.962,0.521,0.477,0.002,0.0,False
electronics,raw_gnn,T=25th,2.5502,65,0.9202,0.0,0.938,0.449,0.548,0.002,0.0,True
electronics,clamped,T=0,0.0,80,0.3601,0.001,0.588,0.6,0.207,0.183,0.01,False
electronics,clamped,T=5th,0.3392,76,0.4478,0.0,0.763,0.664,0.061,0.254,0.02,False
electronics,clamped,T=10th,0.3849,72,0.5106,0.0,0.681,0.592,0.179,0.18,0.049,False
electronics,clamped,T=25th,0.8472,60,0.2567,0.0478,0.733,0.43,0.189,0.359,0.022,True
electronics,unclamped,T=0,0.0,43,0.5731,0.0001,0.744,0.121,0.243,0.621,0.015,True
electronics,unclamped,T=5th,-0.0928,84,0.7291,0.0,0.869,0.584,0.216,0.2,0.0,False
electronics,unclamped,T=10th,-0.0862,80,0.6916,0.0,0.825,0.646,0.212,0.115,0.028,False
electronics,unclamped,T=25th,-0.0239,67,0.3708,0.002,0.597,0.305,0.243,0.334,0.118,True
toys,raw_gnn,T=0,0.0,64,0.6625,0.0,0.719,0.717,0.283,0.0,0.0,False
toys,raw_gnn,T=5th,0.9859,60,0.6663,0.0,0.767,0.733,0.267,0.0,0.0,False
toys,raw_gnn,T=10th,1.0904,57,0.6784,0.0,0.719,0.746,0.254,0.0,0.0,False
toys,raw_gnn,T=25th,1.3087,48,0.7854,0.0,0.958,0.798,0.201,0.0,0.0,False
toys,clamped,T=0,0.0,64,0.6949,0.0,0.812,0.898,0.094,0.001,0.006,False
toys,clamped,T=5th,0.2626,60,0.7403,0.0,0.883,0.896,0.096,0.001,0.006,False
toys,clamped,T=10th,0.2851,57,0.7351,0.0,0.895,0.895,0.097,0.001,0.006,False
toys,clamped,T=25th,0.4856,48,0.7097,0.0,0.917,0.89,0.102,0.001,0.007,False
toys,unclamped,T=0,0.0,19,0.0108,0.9651,0.579,0.113,0.805,0.039,0.043,True
toys,unclamped,T=5th,-0.0433,66,0.4879,0.0,0.818,0.513,0.356,0.057,0.074,False
toys,unclamped,T=10th,-0.035,63,0.4407,0.0003,0.825,0.652,0.242,0.044,0.062,False
toys,unclamped,T=25th,-0.0261,52,0.2521,0.0714,0.635,0.764,0.192,0.0,0.044,False
