dataset,method,threshold,N_variants,rho,pval,n_train_nodes,n_test_nodes,raw_ted,ted_norm,rho_minus_ted,fi_task,fi_node,fi_edge,fi_text,thresh_val,band_acc,task_below_50
history,raw_gnn,T=0,52,0.8839,0.0,21,21,10,0.2381,0.6458,0.658,0.12,0.221,0.0,0.0,0.962,False
history,raw_gnn,T=5th,49,0.8877,0.0,19,19,14,0.3684,0.5193,0.73,0.084,0.186,0.0,0.0612,0.98,False
history,raw_gnn,T=10th,46,0.8635,0.0,19,19,2,0.0526,0.8109,0.676,0.088,0.235,0.0,0.0942,0.935,False
history,raw_gnn,T=25th,39,0.8949,0.0,19,19,2,0.0526,0.8423,0.673,0.074,0.253,0.001,1.5201,0.949,False
history,clamped,T=0,35,0.8355,0.0,11,15,10,0.3846,0.4509,0.852,0.0,0.148,0.0,0.0,0.914,False
history,clamped,T=5th,50,0.799,0.0,15,15,4,0.1333,0.6657,0.822,0.0,0.178,0.0,-2.0608,0.88,False
history,clamped,T=10th,47,0.8298,0.0,11,15,10,0.3846,0.4452,0.881,0.0,0.119,0.0,-1.3217,0.957,False
history,clamped,T=25th,40,0.8507,0.0,11,15,10,0.3846,0.4661,0.864,0.0,0.136,0.0,-0.068,0.925,False
history,unclamped,T=0,32,0.6407,0.0001,19,15,21,0.6176,0.0231,0.525,0.003,0.46,0.013,0.0,0.75,False
history,unclamped,T=5th,56,0.3438,0.0095,15,11,9,0.3462,-0.0023,0.935,0.0,0.061,0.004,-1.0001,0.661,False
history,unclamped,T=10th,53,0.4956,0.0002,23,15,17,0.4474,0.0482,0.418,0.006,0.565,0.011,-0.0241,0.66,True
history,unclamped,T=25th,44,0.5625,0.0001,19,15,16,0.4706,0.0919,0.454,0.006,0.536,0.004,-0.012,0.682,True
amazon,raw_gnn,T=0,85,0.8903,0.0,27,29,11,0.1964,0.6939,0.581,0.413,0.002,0.005,0.0,0.965,False
amazon,raw_gnn,T=5th,80,0.8821,0.0,27,27,10,0.1852,0.6969,0.561,0.433,0.002,0.005,0.4615,0.962,False
amazon,raw_gnn,T=10th,76,0.8657,0.0,27,27,10,0.1852,0.6805,0.541,0.452,0.002,0.005,0.6388,0.908,False
amazon,raw_gnn,T=25th,64,0.8594,0.0,25,23,19,0.3958,0.4636,0.444,0.547,0.004,0.005,1.5507,0.875,True
amazon,clamped,T=0,75,0.754,0.0,17,11,11,0.3929,0.3611,0.679,0.2,0.121,0.0,0.0,0.88,False
amazon,clamped,T=5th,71,0.728,0.0,17,11,12,0.4286,0.2994,0.624,0.271,0.105,0.0,0.1676,0.859,False
amazon,clamped,T=10th,67,0.6631,0.0,17,11,12,0.4286,0.2346,0.541,0.387,0.071,0.0,0.2614,0.806,False
amazon,clamped,T=25th,56,0.7321,0.0,17,11,12,0.4286,0.3036,0.613,0.307,0.08,0.0,0.46,0.839,False
amazon,unclamped,T=0,22,0.3896,0.073,17,15,24,0.75,-0.3604,0.0,0.511,0.009,0.48,0.0,0.773,True
amazon,unclamped,T=5th,81,0.6611,0.0,25,23,18,0.375,0.2861,0.151,0.542,0.239,0.068,-0.0644,0.753,True
amazon,unclamped,T=10th,77,0.6713,0.0,27,23,16,0.32,0.3513,0.079,0.485,0.326,0.11,-0.0616,0.714,True
amazon,unclamped,T=25th,64,0.5022,0.0,25,17,17,0.4048,0.0974,0.101,0.29,0.485,0.124,-0.042,0.672,True
arxiv,raw_gnn,T=0,48,0.9744,0.0,23,23,12,0.2609,0.7135,0.702,0.264,0.013,0.022,0.0,1.0,False
arxiv,raw_gnn,T=5th,45,0.9789,0.0,21,21,10,0.2381,0.7408,0.695,0.266,0.013,0.027,2.7674,1.0,False
arxiv,raw_gnn,T=10th,43,0.9759,0.0,19,19,1,0.0263,0.9496,0.691,0.269,0.014,0.026,4.3712,1.0,False
arxiv,raw_gnn,T=25th,36,0.9925,0.0,17,17,14,0.4118,0.5807,0.563,0.38,0.029,0.028,14.9368,1.0,False
arxiv,clamped,T=0,48,0.9735,0.0,23,23,21,0.4565,0.517,0.209,0.393,0.397,0.001,0.0,1.0,True
arxiv,clamped,T=5th,45,0.9769,0.0,23,23,21,0.4565,0.5204,0.218,0.365,0.415,0.001,0.8138,1.0,True
arxiv,clamped,T=10th,43,0.9739,0.0,21,21,1,0.0238,0.9501,0.225,0.344,0.429,0.001,0.9718,1.0,True
arxiv,clamped,T=25th,36,0.9395,0.0,19,19,2,0.0526,0.8869,0.296,0.092,0.611,0.001,1.7481,1.0,True
arxiv,unclamped,T=0,28,0.9494,0.0,17,17,9,0.2647,0.6847,0.296,0.086,0.618,0.0,0.0,1.0,True
arxiv,unclamped,T=5th,45,0.8821,0.0,19,23,20,0.4762,0.4059,0.268,0.335,0.397,0.0,-0.0182,0.956,True
arxiv,unclamped,T=10th,43,0.953,0.0,19,21,17,0.425,0.528,0.307,0.365,0.328,0.0,-0.0129,1.0,True
arxiv,unclamped,T=25th,36,0.9626,0.0,21,21,14,0.3333,0.6293,0.349,0.368,0.282,0.0,-0.0085,1.0,True
electronics,raw_gnn,T=0,87,0.9152,0.0,25,25,10,0.2,0.7152,0.555,0.443,0.002,0.0,0.0,0.989,False
electronics,raw_gnn,T=5th,82,0.9275,0.0,25,25,5,0.1,0.8275,0.537,0.461,0.002,0.0,0.6218,1.0,False
electronics,raw_gnn,T=10th,78,0.929,0.0,25,25,5,0.1,0.829,0.521,0.477,0.002,0.0,1.0133,0.962,False
electronics,raw_gnn,T=25th,65,0.9202,0.0,25,25,3,0.06,0.8602,0.449,0.548,0.002,0.0,2.5502,0.938,True
electronics,clamped,T=0,80,0.3601,0.001,23,19,20,0.4762,-0.1161,0.6,0.207,0.183,0.01,0.0,0.588,False
electronics,clamped,T=5th,76,0.4478,0.0,27,19,16,0.3478,0.1,0.664,0.061,0.254,0.02,0.3392,0.763,False
electronics,clamped,T=10th,72,0.5106,0.0,19,19,8,0.2105,0.3001,0.592,0.179,0.18,0.049,0.3849,0.681,False
electronics,clamped,T=25th,60,0.2567,0.0478,23,13,15,0.4167,-0.16,0.43,0.189,0.359,0.022,0.8472,0.733,True
electronics,unclamped,T=0,43,0.5731,0.0001,21,21,23,0.5476,0.0255,0.121,0.243,0.621,0.015,0.0,0.744,True
electronics,unclamped,T=5th,84,0.7291,0.0,25,27,15,0.2885,0.4407,0.584,0.216,0.2,0.0,-0.0928,0.869,False
electronics,unclamped,T=10th,80,0.6916,0.0,25,23,20,0.4167,0.2749,0.646,0.212,0.115,0.028,-0.0862,0.825,False
electronics,unclamped,T=25th,67,0.3708,0.002,19,17,18,0.5,-0.1292,0.305,0.243,0.334,0.118,-0.0239,0.597,True
toys,raw_gnn,T=0,64,0.6625,0.0,19,15,22,0.6471,0.0155,0.717,0.283,0.0,0.0,0.0,0.719,False
toys,raw_gnn,T=5th,60,0.6663,0.0,19,15,22,0.6471,0.0193,0.733,0.267,0.0,0.0,0.9859,0.767,False
toys,raw_gnn,T=10th,57,0.6784,0.0,19,15,22,0.6471,0.0313,0.746,0.254,0.0,0.0,1.0904,0.719,False
toys,raw_gnn,T=25th,48,0.7854,0.0,17,15,20,0.625,0.1604,0.798,0.201,0.0,0.0,1.3087,0.958,False
toys,clamped,T=0,64,0.6949,0.0,17,13,10,0.3333,0.3616,0.898,0.094,0.001,0.006,0.0,0.812,False
toys,clamped,T=5th,60,0.7403,0.0,17,13,9,0.3,0.4403,0.896,0.096,0.001,0.006,0.2626,0.883,False
toys,clamped,T=10th,57,0.7351,0.0,17,13,9,0.3,0.4351,0.895,0.097,0.001,0.006,0.2851,0.895,False
toys,clamped,T=25th,48,0.7097,0.0,17,13,10,0.3333,0.3764,0.89,0.102,0.001,0.007,0.4856,0.917,False
toys,unclamped,T=0,19,0.0108,0.9651,11,11,16,0.7273,-0.7165,0.113,0.805,0.039,0.043,0.0,0.579,True
toys,unclamped,T=5th,66,0.4879,0.0,13,15,13,0.4643,0.0236,0.513,0.356,0.057,0.074,-0.0433,0.818,False
toys,unclamped,T=10th,63,0.4407,0.0003,13,15,8,0.2857,0.155,0.652,0.242,0.044,0.062,-0.035,0.825,False
toys,unclamped,T=25th,52,0.2521,0.0714,13,13,3,0.1154,0.1367,0.764,0.192,0.0,0.044,-0.0261,0.635,False
