id,dataset,question,reference_answer,question_type,question_subtype,source_row_id,source_category_labels,source_text_preview,hop_type,multi_hop_stub,hop_source_ids
history_sh_026,history,What significant historical themes does Andrea Stuart explore in her family history?,"Andrea Stuart explores the realities of race, class, and sex in the context of Caribbean slavery and sugar production, as well as the ambitions of black West Indians in their immigrant journeys.",descriptive,single_specific,5005.0,,"Sugar in the Blood: A Family's Story of Slavery and Empire Biographer Stuart found George Ashby, her",single,,
history_sh_013,history,What is the trim size of the publication mentioned in the text?,The trim size of the publication is 5 1/4 x 8 inches.,descriptive,single_specific,22949.0,,On the Teaching and Writing of History: Responses to a Series of Questions 5 1/4 x 8 trim. Frontis. ,single,,
history_sh_024,history,What type of content does Susan Wilson include in her guide about Boston?,"Susan Wilson's guide includes a comprehensive listing of things to do in the Boston area, along with stories about buildings and information on various historic sites and settings.",categorical,single_specific,17315.0,,Boston Sites and Insights: An Essential Guide to Historic Landmarks In and Around Boston The book I',single,,
history_sh_021,history,What was Hilaire Belloc's academic achievement at Balliol College in Oxford?,"Hilaire Belloc took first-class honors in history at Balliol College in Oxford, graduating in 1895.",descriptive,single_specific,23969.0,,"Europe and the Faith Hilaire Belloc was born at St. Cloud, France, in 1870. He and his family moved ",single,,
history_sh_015,history,What does the author Frank uncover about the history of Miami in his study?,"Frank uncovers the deep history of Miami, highlighting its profound shaping by mound-builders, slaves, raiders, and traders.",descriptive,single_specific,19220.0,,"Before the Pioneers: Indians, Settlers, Slaves, and the Founding of Miami (Florida in Focus) A beaut",single,,
history_sh_029,history,What does Finocchiaro aim to achieve with the original documents included in his book on Galileo's trial?,"Finocchiaro aims to allow readers to form their own conclusions based on the original documents, rather than imposing his interpretations.",descriptive,single_specific,35278.0,,The Trial of Galileo: Essential Documents (Hackett Classics) &quot;Finocchiaro is the foremost schol,single,,
history_sh_019,history,"What condition issues are noted for the book 'City of Women: Sex and Class in New York, 1789-1860'?","The book has edge wear, a cracked spine, a creased back cover, and writing on the back of the front cover.",descriptive,single_specific,3418.0,,"City of Women: Sex and Class in New York, 1789-1860 Dark blue cover with pink letters has edge wear.",single,,
history_agg_031,history,"How do the community development themes in 'College Park' and 'Wilkes County' compare with the historical narratives presented in 'The Archeology of New Hampshire' and 'Everyday Life in Roman and Anglo Saxon Times', particularly in terms of how local histories reflect broader societal changes over time?","Both 'College Park' and 'Wilkes County' illustrate the evolution of community identity through local photographs and narratives, showcasing how these towns developed unique cultural identities influenced by their historical contexts. In contrast, 'The Archeology of New Hampshire' provides a broader archaeological perspective that connects Native American and European settlement histories, emphasizing how these interactions shaped the region's development. Meanwhile, 'Everyday Life in Roman and Anglo Saxon Times' offers insights into social structures and daily life during significant historical transitions, allowing for a comparison of how local histories can reflect broader societal changes, such as the shift from Roman to Anglo-Saxon influence. Together, these books highlight the interplay between local and broader historical narratives, showing how community identities are formed and transformed over time.",descriptive,aggregate_cross_paper,,"['Americas', 'Ancient Civilizations', 'World']",,single,,
history_agg_015,history,"How do the themes of conflict and power dynamics in the histories of the American Civil War, the Barbarians' invasion of Europe, and the colonial and post-colonial experiences in Morocco and the Maghrib region reflect the broader struggles for identity and governance in their respective societies?","The American Civil War, as illustrated by Colonel William C. Oates's experiences, showcases the internal conflict within the United States over issues of governance, identity, and race, paralleling the struggles faced in Morocco during its colonial period and subsequent independence, where power was monopolized by the monarchy. Similarly, the invasions of Europe by the Barbarians highlight the shifts in power dynamics and governance as new groups imposed their laws and cultures, often leading to significant societal changes. Together, these histories illustrate how conflict shapes national identity and governance across different regions and eras.",descriptive,aggregate_cross_paper,,"['Africa', 'Americas', 'Europe', 'World']",,single,,
history_agg_026,history,"How do the themes of cultural identity and adaptation manifest differently in the contexts of Hawaii, the Shaolin Temple, and the lives of nuns in early modern Europe, particularly in terms of how these groups navigated external influences and internal traditions?","In Hawaii, cultural identity is expressed through a blend of ancient Polynesian traditions and modern tourist influences, showcasing a vibrant multi-ethnic society that adapts while maintaining its unique heritage. In contrast, the Shaolin Temple reflects a synthesis of Buddhism, Daoism, and Confucianism, where practitioners adapt these philosophies into their martial arts and spiritual practices, illustrating a deep respect for tradition while engaging with modern society. Meanwhile, the nuns in early modern Europe navigated their identities by balancing the restrictive norms of their time with creative pursuits and acts of service, challenging societal expectations and redefining their roles within the church and community. Together, these examples highlight how different cultures adapt and preserve their identities amidst external pressures and internal transformations.",descriptive,aggregate_cross_paper,,"['Americas', 'Military', 'World']",,single,,
history_agg_017,history,"How do the themes of conflict and resilience manifest in the historical narratives of the Battle of New Orleans, the Civil War, and the experiences of American volunteer airmen in World War I as presented in these books?","The Battle of New Orleans illustrates resilience through the defense of territory and the cultural significance of plantation homes during the War of 1812. In 'Fateful Lightning,' the Civil War represents a profound conflict over national identity and the struggle for emancipation, showcasing resilience through the perseverance of soldiers and civilians alike. Meanwhile, the Lafayette Escadrille highlights the bravery and commitment of American volunteer airmen in World War I, emphasizing their role in a foreign conflict and their determination to support allies. Together, these narratives depict how different conflicts shaped American identity and resilience across various historical contexts.",descriptive,aggregate_cross_paper,,"['Americas', 'Military', 'World']",,single,,
history_agg_008,history,"How do the themes of betrayal and loyalty manifest differently in the contexts of the Spanish Civil War, the American Revolution, and the Viking Age, as discussed in the respective histories of military figures and societal structures in the books provided?","In 'Fiat CR.32 Aces of the Spanish Civil War,' betrayal is explored through the lens of the Nationalist/Fascist airmen, highlighting their loyalty to a regime that sought to suppress dissent. In 'The traitor and the spy: Benedict Arnold and John Andre,' betrayal is personified in Arnold's defection to the British, contrasting with the loyalty of American patriots fighting for independence. Meanwhile, 'The Age of the Vikings' presents a more complex view of loyalty, where Viking chieftains often balanced their allegiances between raiding and trade, reflecting a pragmatic approach to loyalty that differed from the ideological fervor seen in the other two contexts. Together, these books illustrate how betrayal and loyalty are shaped by the political and social landscapes of their respective eras.",descriptive,aggregate_cross_paper,,"['Americas', 'Ancient Civilizations', 'Europe', 'World']",,single,,
history_agg_009,history,"How do the economic practices and societal structures in Colonial Georgia, as described in 'On the Rim of the Caribbean,' compare to the urban organization and daily life in Tenochtitlan, as explored in 'Tenochtitlan: Capital of the Aztec Empire,' and what role did the cultural influences from both regions play in shaping their respective histories, particularly in relation to the impact of European colonization as discussed in 'G.I. Nightingales: The Army Nurse Corps in World War II'?","Colonial Georgia's economy was heavily influenced by West Indian plantation culture, leading to a society structured around slavery and economic gain, as detailed in 'On the Rim of the Caribbean.' In contrast, Tenochtitlan's organization was marked by a complex urban landscape with a focus on daily life and cultural practices, as described in 'Tenochtitlan: Capital of the Aztec Empire.' Both regions faced significant changes due to European colonization, which disrupted their established systems. The experiences of the Army Nurse Corps during WWII, as chronicled in 'G.I. Nightingales,' reflect the broader impacts of war and colonization on societal roles and the contributions of women, highlighting how these historical narratives intersect through themes of cultural adaptation and resilience in the face of external pressures.",descriptive,aggregate_cross_paper,,"['Americas', 'Military', 'World']",,single,,
history_agg_019,history,"How do the themes of community resilience and adaptation in the face of change manifest in both the Roman Empire as described in 'What Life Was Like: When Rome Ruled the World', the development of the Old Mine Road in 'The Old Mine Road', and the evolution of Fisherman's Wharf in 'San Francisco's Fisherman's Wharf'? What similarities and differences can be observed in the ways these communities responded to external pressures and internal challenges?","In 'What Life Was Like: When Rome Ruled the World', the Roman Empire showcases resilience through its power structure and social classes adapting to various challenges, including military discord and cultural shifts. Similarly, 'The Old Mine Road' illustrates how Dutch settlers adapted their infrastructure to access resources, reflecting a community's resilience in utilizing natural landscapes for economic gain. In 'San Francisco's Fisherman's Wharf', the community's tenacity in preserving its heritage amidst urban development highlights a different form of adaptation, focusing on cultural identity and tourism. While all three examples demonstrate resilience, they differ in their contexts: the Roman Empire faced external military pressures, the Dutch settlers dealt with resource accessibility, and the Fisherman's Wharf community confronted modernization and preservation challenges.",descriptive,aggregate_cross_paper,,"['Americas', 'Ancient Civilizations', 'World']",,single,,
history_edge_015,history,"How do both 'The Witch-Hunt in Early Modern Europe' and 'Witches and Pagans: Women in European Folk Religion, 700-1100' explore the societal perceptions of women involved in witchcraft, and what themes do they share regarding the historical treatment of women accused of witchcraft?","Both books examine the societal perceptions of women involved in witchcraft, highlighting the ways in which these women were often scapegoated and marginalized within their communities. Levack's 'The Witch-Hunt in Early Modern Europe' discusses the prosecution of over 100,000 individuals, primarily women, during the witch hunts, analyzing the socio-political factors that led to their persecution and the implications for women's roles in early modern society. In contrast, Dashu's 'Witches and Pagans' delves into the historical context of women's roles in folk religion and how patriarchal systems sought to suppress their spiritual practices and knowledge. Together, they share themes of women's empowerment through spirituality and the historical silencing of women's voices, illustrating the complex interplay between gender, power, and societal norms in the context of witchcraft.",descriptive,edge_multihop,,,,single,,"[8886, 10660]"
history_edge_019,history,What themes related to community identity and historical significance do both 'The North End: A Brief History of Boston's Oldest Neighborhood' and 'Boston in the American Revolution: A Town versus an Empire' explore in their coverage of Boston's neighborhoods during pivotal historical moments?,"Both books explore the theme of community identity in Boston, particularly how the North End's rich cultural heritage and immigrant history contribute to its significance as a historical neighborhood. Additionally, they examine the role of Boston's neighborhoods, including the North End, during the American Revolution, highlighting how local communities shaped and were shaped by the broader conflict between the town and the British Empire.",relational,edge_multihop,,,,single,,"[33456, 28617]"
history_edge_027,history,"What themes related to divination and religious rituals are explored in both 'Religions of Rome: Volume 2: A Sourcebook' and 'Greek Religion: A Sourcebook', and how do they complement each other in understanding the religious practices of ancient Rome and Greece?","Both 'Religions of Rome: Volume 2: A Sourcebook' and 'Greek Religion: A Sourcebook' explore the theme of divination and religious rituals, highlighting their significance in the respective cultures. The Roman sourcebook delves into various aspects of Roman religious life, including the religious calendar and the role of sacrifice, providing insights into how Romans engaged with the divine through rituals and predictions. In contrast, the Greek sourcebook examines similar practices, such as ancient magic and mystery cults, emphasizing the cultural context of Greek religious beliefs. Together, these books offer a complementary understanding of how divination and rituals functioned within the broader frameworks of Roman and Greek religions, showcasing both the shared practices and distinct cultural interpretations of the divine.",relational,edge_multihop,,,,single,,"[8454, 32445]"
history_edge_026,history,What themes related to the craftsmanship and cultural significance of traditional Japanese martial arts are explored in both 'The Art of Japanese Sword Polishing' and 'Samurai Armour: Volume I: The Japanese Cuirass'?,"Both books explore the intricate craftsmanship involved in traditional Japanese martial arts, highlighting the skills of sword polishing and armor making as vital components of samurai culture. They emphasize the importance of preserving these crafts as part of Japan's cultural heritage, showcasing how both swords and armor are not only functional items but also works of art that reflect the values and aesthetics of their time.",relational,edge_multihop,,,,single,,"[31523, 29026]"
history_edge_008,history,"What are the common themes of folklore and supernatural occurrences explored in both 'Spooky Wisconsin' and 'Spooky California', and how do they reflect the regional characteristics of each state?","Both 'Spooky Wisconsin' and 'Spooky California' explore themes of folklore, ghostly hauntings, and eerie happenings, showcasing the rich tapestry of local lore in their respective regions. 'Spooky Wisconsin' features tales like the shrouded horseman of Milwaukee and the troll of Mount Horeb, which reflect the unique cultural and historical elements of Wisconsin. In contrast, 'Spooky California' presents its own set of supernatural stories that highlight California's diverse landscapes and cultural history. Together, these books illustrate how regional characteristics influence the nature of ghost stories and folklore, with each state contributing its own distinct narratives and traditions.",descriptive,edge_multihop,,,,single,,"[14463, 14454]"
history_edge_024,history,"How do both 'The Gladiators: History's Most Deadly Sport' and 'The Spartacus War' explore the themes of slavery and resistance within the context of ancient Rome, and what contrasting perspectives do they offer on the lives of gladiators and Spartacus himself?","'The Gladiators: History's Most Deadly Sport' provides a detailed examination of the life of gladiators, who were primarily slaves or prisoners of war, focusing on their training, daily routines, and the brutal entertainment they provided to the Roman populace. In contrast, 'The Spartacus War' centers on Spartacus, a gladiator who led a significant slave revolt against the Roman Republic, highlighting themes of resistance and rebellion. While Meijer's work presents gladiators as victims of a cruel system, Strauss's narrative of Spartacus emphasizes the potential for agency and uprising among those oppressed, thus providing complementary yet contrasting views on the experiences of enslaved individuals in ancient Rome.",descriptive,edge_multihop,,,,single,,"[5416, 27021]"
