experiment_id,epoch,loss,train_kl,train_top1,train_cosine,val_kl,val_top1,val_cosine,test_kl,test_top1,test_cosine
N8_E10b_T12b_s1,1,2.927135,2.867791,0.286962,0.241216,2.868493,0.279318,0.241045,2.873611,0.272921,0.239842
N8_E10b_T12b_s1,2,2.725432,2.857863,0.286962,0.243692,2.858254,0.279318,0.243592,2.864444,0.272921,0.242128
N8_E10b_T12b_s1,3,2.521542,2.842043,0.286962,0.247712,2.842234,0.279318,0.247651,2.849958,0.272921,0.24581
N8_E10b_T12b_s1,4,2.344274,2.818427,0.286962,0.253911,2.818683,0.279318,0.253825,2.828593,0.272921,0.251424
N8_E10b_T12b_s1,5,2.136312,2.785036,0.286962,0.263118,2.785399,0.279318,0.262997,2.798516,0.272921,0.259723
N8_E10b_T12b_s1,6,1.95465,2.741056,0.296857,0.276031,2.74158,0.292111,0.275861,2.75898,0.273987,0.271325
N8_E10b_T12b_s1,7,1.813157,2.686426,0.378929,0.293297,2.687012,0.362473,0.293106,2.709899,0.337953,0.286809
N8_E10b_T12b_s1,8,1.70286,2.623927,0.419092,0.314617,2.624471,0.411514,0.314442,2.653839,0.384861,0.305869
N8_E10b_T12b_s1,9,1.610703,2.555828,0.451106,0.339466,2.556404,0.460554,0.339259,2.593005,0.414712,0.327966
N8_E10b_T12b_s1,10,1.545844,2.485266,0.469732,0.366471,2.486103,0.477612,0.366107,2.530172,0.434968,0.351882
N8_E10b_T12b_s1,11,1.48744,2.414855,0.480792,0.393974,2.4162,0.477612,0.393303,2.467537,0.438166,0.376196
N8_E10b_T12b_s1,12,1.450241,2.345848,0.483702,0.420794,2.347952,0.477612,0.419671,2.406179,0.438166,0.399894
N8_E10b_T12b_s1,13,1.401859,2.279587,0.498254,0.445847,2.282738,0.481876,0.444117,2.34727,0.447761,0.422038
N8_E10b_T12b_s1,14,1.361925,2.216732,0.527357,0.468653,2.221232,0.507463,0.466186,2.291315,0.470149,0.442243
N8_E10b_T12b_s1,15,1.328063,2.158129,0.548894,0.488903,2.164134,0.528785,0.485631,2.239176,0.492537,0.460189
N8_E10b_T12b_s1,16,1.304502,2.103447,0.563446,0.506817,2.11119,0.535181,0.502631,2.190609,0.506397,0.476045
N8_E10b_T12b_s1,17,1.260587,2.051703,0.57858,0.522957,2.061465,0.550107,0.517745,2.144684,0.522388,0.49031
N8_E10b_T12b_s1,18,1.209843,2.003703,0.5844,0.537351,2.015682,0.558635,0.531049,2.101999,0.528785,0.503031
N8_E10b_T12b_s1,19,1.175079,1.957101,0.585565,0.550751,1.971389,0.560768,0.543335,2.060438,0.528785,0.514912
N8_E10b_T12b_s1,20,1.151325,1.913948,0.587311,0.562815,1.930576,0.560768,0.554291,2.021962,0.528785,0.52559
N8_E10b_T12b_s1,21,1.108427,1.871563,0.587893,0.574338,1.890711,0.560768,0.564676,1.983966,0.529851,0.535871
N8_E10b_T12b_s1,22,1.085139,1.831574,0.590803,0.585093,1.853532,0.5629,0.574239,1.948031,0.529851,0.545498
N8_E10b_T12b_s1,23,1.046099,1.791724,0.605355,0.595784,1.816768,0.567164,0.58368,1.912172,0.545842,0.555099
N8_E10b_T12b_s1,24,1.028307,1.752177,0.629802,0.606572,1.780524,0.575693,0.593179,1.876478,0.565032,0.564819
N8_E10b_T12b_s1,25,0.981443,1.711238,0.651921,0.617914,1.743151,0.605544,0.603159,1.839466,0.594883,0.575044
N8_E10b_T12b_s1,26,0.940114,1.669276,0.694412,0.629817,1.705206,0.637527,0.61356,1.80169,0.623667,0.585694
N8_E10b_T12b_s1,27,0.926754,1.625093,0.718859,0.642512,1.665406,0.684435,0.624652,1.762173,0.646055,0.596942
N8_E10b_T12b_s1,28,0.892623,1.579532,0.731665,0.655761,1.624611,0.690832,0.636196,1.721537,0.658849,0.608632
N8_E10b_T12b_s1,29,0.867235,1.53248,0.743306,0.6694,1.582725,0.710021,0.648035,1.679675,0.670576,0.620637
N8_E10b_T12b_s1,30,0.856525,1.482931,0.756694,0.683692,1.538895,0.722814,0.660398,1.635765,0.675906,0.633171
N8_E10b_T12b_s1,31,0.824022,1.430155,0.763097,0.698744,1.491983,0.733475,0.673565,1.589125,0.683369,0.64637
N8_E10b_T12b_s1,32,0.794818,1.375189,0.766007,0.714029,1.442879,0.733475,0.687097,1.540545,0.690832,0.659832
N8_E10b_T12b_s1,33,0.770806,1.320825,0.769499,0.728802,1.394511,0.733475,0.700238,1.49257,0.69403,0.672878
N8_E10b_T12b_s1,34,0.757226,1.265355,0.773574,0.743187,1.344921,0.733475,0.71315,1.443472,0.692964,0.685682
N8_E10b_T12b_s1,35,0.726039,1.210478,0.781141,0.756975,1.295623,0.742004,0.725723,1.394746,0.702559,0.698061
N8_E10b_T12b_s1,36,0.714605,1.155672,0.785797,0.770144,1.24628,0.748401,0.737839,1.34577,0.712154,0.710067
N8_E10b_T12b_s1,37,0.681183,1.101438,0.796275,0.782507,1.197397,0.767591,0.749304,1.297132,0.722814,0.721436
N8_E10b_T12b_s1,38,0.66767,1.049189,0.805006,0.793997,1.15025,0.778252,0.760042,1.250252,0.732409,0.732059
N8_E10b_T12b_s1,39,0.640934,0.998824,0.813155,0.804654,1.104863,0.778252,0.77006,1.204821,0.740938,0.742089
N8_E10b_T12b_s1,40,0.62828,0.949803,0.828289,0.814667,1.060578,0.78678,0.779496,1.160246,0.76226,0.7517
N8_E10b_T12b_s1,41,0.602756,0.903527,0.839348,0.823968,1.018945,0.801706,0.788258,1.117933,0.769723,0.760735
N8_E10b_T12b_s1,42,0.594554,0.858018,0.849243,0.83308,0.977987,0.810235,0.796871,1.075878,0.782516,0.769752
N8_E10b_T12b_s1,43,0.571987,0.814286,0.859721,0.84191,0.938503,0.820896,0.805273,1.035284,0.789979,0.778543
N8_E10b_T12b_s1,44,0.548578,0.772304,0.868452,0.850448,0.900728,0.823028,0.813393,0.996158,0.795309,0.787061
N8_E10b_T12b_s1,45,0.525063,0.731683,0.874854,0.858768,0.864157,0.82516,0.82127,0.958131,0.803838,0.795311
N8_E10b_T12b_s1,46,0.510966,0.691625,0.878929,0.866925,0.828012,0.835821,0.828894,0.92058,0.80597,0.803291
N8_E10b_T12b_s1,47,0.492409,0.65208,0.882421,0.874871,0.79233,0.840085,0.836226,0.883371,0.808102,0.810995
N8_E10b_T12b_s1,48,0.46388,0.614742,0.888242,0.882395,0.759082,0.840085,0.842955,0.848312,0.812367,0.818148
N8_E10b_T12b_s1,49,0.461833,0.57824,0.895227,0.889671,0.726717,0.840085,0.849369,0.813928,0.819829,0.825002
N8_E10b_T12b_s1,50,0.447707,0.54272,0.901048,0.896516,0.695429,0.840085,0.855227,0.780387,0.823028,0.831372
N8_E10b_T12b_s1,51,0.425125,0.50892,0.912107,0.902841,0.666204,0.855011,0.860379,0.748624,0.832623,0.837156
N8_E10b_T12b_s1,52,0.411118,0.477795,0.9156,0.908551,0.63982,0.857143,0.864831,0.719546,0.834755,0.842244
N8_E10b_T12b_s1,53,0.412214,0.447621,0.920838,0.91388,0.614389,0.861407,0.868806,0.691405,0.842217,0.846933
N8_E10b_T12b_s1,54,0.39147,0.419846,0.927823,0.918742,0.591151,0.865672,0.872362,0.665766,0.845416,0.851069
N8_E10b_T12b_s1,55,0.385186,0.394427,0.930733,0.92314,0.570393,0.869936,0.875525,0.642449,0.84968,0.854786
N8_E10b_T12b_s1,56,0.36772,0.371049,0.93248,0.927204,0.551687,0.8742,0.878433,0.620842,0.853945,0.858351
N8_E10b_T12b_s1,57,0.350858,0.349501,0.935972,0.930935,0.534508,0.880597,0.881206,0.600551,0.856077,0.861843
N8_E10b_T12b_s1,58,0.340394,0.329633,0.938882,0.934476,0.518839,0.880597,0.883876,0.581888,0.857143,0.865257
N8_E10b_T12b_s1,59,0.334487,0.311268,0.939464,0.9378,0.504286,0.882729,0.886495,0.564384,0.858209,0.868709
N8_E10b_T12b_s1,60,0.325678,0.294232,0.940629,0.940958,0.491173,0.882729,0.888791,0.547749,0.859275,0.872183
N8_E10b_T12b_s1,61,0.310132,0.278612,0.941793,0.94387,0.47927,0.882729,0.890856,0.531851,0.863539,0.875741
N8_E10b_T12b_s1,62,0.302045,0.264111,0.944703,0.946493,0.468185,0.884861,0.892696,0.516468,0.864606,0.879151
N8_E10b_T12b_s1,63,0.299561,0.2508,0.945285,0.948862,0.458482,0.886994,0.89419,0.502481,0.86887,0.882187
N8_E10b_T12b_s1,64,0.284964,0.238665,0.946449,0.950889,0.449718,0.886994,0.89556,0.489778,0.872068,0.884748
N8_E10b_T12b_s1,65,0.268769,0.227359,0.951106,0.952676,0.441801,0.889126,0.896718,0.478356,0.876333,0.886846
N8_E10b_T12b_s1,66,0.256432,0.217118,0.952852,0.954334,0.43442,0.891258,0.89797,0.467884,0.876333,0.888743
N8_E10b_T12b_s1,67,0.261245,0.207386,0.953434,0.955866,0.427368,0.891258,0.899265,0.458272,0.875267,0.890402
N8_E10b_T12b_s1,68,0.249262,0.198339,0.954598,0.957287,0.420876,0.891258,0.90046,0.449935,0.876333,0.891698
N8_E10b_T12b_s1,69,0.237704,0.189948,0.95518,0.95872,0.415111,0.89339,0.901622,0.442803,0.876333,0.892762
N8_E10b_T12b_s1,70,0.243926,0.182189,0.956927,0.960115,0.409877,0.895522,0.902729,0.436858,0.877399,0.893665
N8_E10b_T12b_s1,71,0.227061,0.174675,0.958673,0.961517,0.404701,0.897655,0.903894,0.4309,0.879531,0.894534
N8_E10b_T12b_s1,72,0.211714,0.167391,0.959255,0.962978,0.399492,0.895522,0.905058,0.425742,0.878465,0.895274
N8_E10b_T12b_s1,73,0.21413,0.160258,0.962165,0.96454,0.394877,0.89339,0.906191,0.420987,0.878465,0.895971
N8_E10b_T12b_s1,74,0.212931,0.15331,0.963329,0.966196,0.390817,0.897655,0.907126,0.417009,0.877399,0.896579
N8_E10b_T12b_s1,75,0.200226,0.146428,0.965658,0.967895,0.386593,0.897655,0.908248,0.413329,0.878465,0.897218
N8_E10b_T12b_s1,76,0.202508,0.13967,0.96624,0.969554,0.382408,0.897655,0.909353,0.408507,0.879531,0.898179
N8_E10b_T12b_s1,77,0.181656,0.133162,0.970314,0.971247,0.378464,0.897655,0.910429,0.403535,0.880597,0.899404
N8_E10b_T12b_s1,78,0.177183,0.126893,0.971478,0.972976,0.374891,0.899787,0.911521,0.39825,0.883795,0.900928
N8_E10b_T12b_s1,79,0.175936,0.120781,0.976717,0.974631,0.371363,0.901919,0.91257,0.392001,0.892324,0.903024
N8_E10b_T12b_s1,80,0.169885,0.114715,0.977881,0.976263,0.367728,0.901919,0.9135,0.385599,0.894456,0.905382
N8_E10b_T12b_s1,81,0.162594,0.108916,0.977881,0.977795,0.363781,0.904051,0.914404,0.379078,0.896588,0.907774
N8_E10b_T12b_s1,82,0.157843,0.103319,0.978463,0.97915,0.3599,0.906183,0.915339,0.37256,0.898721,0.91016
N8_E10b_T12b_s1,83,0.15496,0.098018,0.978463,0.980296,0.35671,0.906183,0.916019,0.366946,0.897655,0.911976
N8_E10b_T12b_s1,84,0.145971,0.093062,0.98021,0.981294,0.352986,0.908316,0.916867,0.36236,0.899787,0.913355
N8_E10b_T12b_s1,85,0.141594,0.088456,0.981956,0.982154,0.349699,0.910448,0.917538,0.359114,0.901919,0.914193
N8_E10b_T12b_s1,86,0.140291,0.08417,0.982538,0.982925,0.346467,0.910448,0.918286,0.35598,0.904051,0.914997
N8_E10b_T12b_s1,87,0.132553,0.080093,0.982538,0.983666,0.34271,0.906183,0.91926,0.352002,0.905117,0.916012
N8_E10b_T12b_s1,88,0.134638,0.076385,0.983702,0.984283,0.339156,0.908316,0.920209,0.348701,0.907249,0.916749
N8_E10b_T12b_s1,89,0.117784,0.072972,0.983702,0.984872,0.336211,0.910448,0.921044,0.345967,0.906183,0.917438
N8_E10b_T12b_s1,90,0.12227,0.069708,0.984284,0.985491,0.333929,0.910448,0.921754,0.343002,0.905117,0.918259
N8_E10b_T12b_s1,91,0.117467,0.066588,0.984284,0.986085,0.332785,0.91258,0.92212,0.340485,0.905117,0.919045
N8_E10b_T12b_s1,92,0.11292,0.063639,0.985448,0.986695,0.332335,0.910448,0.922402,0.336793,0.906183,0.920294
N8_E10b_T12b_s1,93,0.109916,0.06087,0.988359,0.987292,0.331804,0.91258,0.922864,0.333147,0.915778,0.921598
N8_E10b_T12b_s1,94,0.110091,0.058088,0.989523,0.98795,0.330906,0.91258,0.923299,0.33022,0.916844,0.922578
N8_E10b_T12b_s1,95,0.104148,0.055362,0.990687,0.988644,0.329755,0.914712,0.923868,0.327989,0.916844,0.923335
N8_E10b_T12b_s1,96,0.101699,0.052763,0.991851,0.989336,0.328523,0.916844,0.924565,0.326556,0.915778,0.923978
N8_E10b_T12b_s1,97,0.094586,0.050181,0.993015,0.990015,0.327673,0.918977,0.925325,0.325832,0.915778,0.924519
N8_E10b_T12b_s1,98,0.091827,0.047557,0.994761,0.990704,0.326599,0.918977,0.926049,0.326171,0.91791,0.924642
N8_E10b_T12b_s1,99,0.092353,0.045023,0.994761,0.991361,0.324942,0.923241,0.926864,0.326539,0.913646,0.92472
N8_E10b_T12b_s1,100,0.092447,0.042742,0.994761,0.991971,0.323516,0.925373,0.927489,0.327254,0.914712,0.924668
